{
	"info": {
		"_postman_id": "1f4345e1-75a4-4c60-aded-4003ab106085",
		"name": "Eudureka CircuitBreaker",
		"schema": "https://schema.getpostman.com/json/collection/v2.1.0/collection.json",
		"_exporter_id": "7131327"
	},
	"item": [
		{
			"name": "eCommerce",
			"item": [
				{
					"name": "Inventory",
					"item": [
						{
							"name": "GetInventories",
							"request": {
								"method": "GET",
								"header": [],
								"url": {
									"raw": "localhost:8081/api/inventories",
									"host": [
										"localhost"
									],
									"port": "8081",
									"path": [
										"api",
										"inventories"
									]
								}
							},
							"response": []
						},
						{
							"name": "GetInventory",
							"request": {
								"method": "GET",
								"header": [],
								"url": {
									"raw": "localhost:8081/api/inventories/1",
									"host": [
										"localhost"
									],
									"port": "8081",
									"path": [
										"api",
										"inventories",
										"1"
									]
								}
							},
							"response": []
						},
						{
							"name": "AddInventory",
							"request": {
								"method": "POST",
								"header": [
									{
										"key": "Content-Type",
										"value": "application/json",
										"type": "text"
									}
								],
								"body": {
									"mode": "raw",
									"raw": "{ \"name\": \"samsung\", \"description\": \"Samsung A17 Model\", \"price\": 987.58, \"quantity\": 154 }"
								},
								"url": {
									"raw": "localhost:8081/api/inventories",
									"host": [
										"localhost"
									],
									"port": "8081",
									"path": [
										"api",
										"inventories"
									]
								}
							},
							"response": []
						},
						{
							"name": "UpdateInventory",
							"request": {
								"method": "PUT",
								"header": [
									{
										"key": "Content-Type",
										"value": "application/json",
										"type": "text"
									}
								],
								"body": {
									"mode": "raw",
									"raw": "{ \"id\": 3, \"name\": \"samsung\", \"description\": \"Samsung A19 Model\", \"price\": 500.58, \"quantity\": 100 }"
								},
								"url": {
									"raw": "localhost:8081/api/inventories/3",
									"host": [
										"localhost"
									],
									"port": "8081",
									"path": [
										"api",
										"inventories",
										"3"
									]
								}
							},
							"response": []
						},
						{
							"name": "DeleteInventory",
							"request": {
								"method": "DELETE",
								"header": [
									{
										"key": "Content-Type",
										"value": "application/json",
										"type": "text"
									}
								],
								"url": {
									"raw": "localhost:8081/api/inventories/3",
									"host": [
										"localhost"
									],
									"port": "8081",
									"path": [
										"api",
										"inventories",
										"3"
									]
								}
							},
							"response": []
						}
					]
				},
				{
					"name": "CustomerOrder",
					"item": [
						{
							"name": "GetOrders",
							"request": {
								"method": "GET",
								"header": [],
								"url": {
									"raw": "localhost:8080/api/customerorders",
									"host": [
										"localhost"
									],
									"port": "8080",
									"path": [
										"api",
										"customerorders"
									]
								}
							},
							"response": []
						},
						{
							"name": "GetOrder",
							"request": {
								"method": "GET",
								"header": [],
								"url": {
									"raw": "localhost:8080/api/customerorders/2",
									"host": [
										"localhost"
									],
									"port": "8080",
									"path": [
										"api",
										"customerorders",
										"2"
									]
								}
							},
							"response": []
						},
						{
							"name": "AddOrder",
							"request": {
								"method": "POST",
								"header": [
									{
										"key": "Content-Type",
										"value": "application/json",
										"type": "text"
									}
								],
								"body": {
									"mode": "raw",
									"raw": "{ \"product\": \"Samsung\", \"customerId\": 4, \"itemId\": 1 }"
								},
								"url": {
									"raw": "localhost:8080/api/customerorders",
									"host": [
										"localhost"
									],
									"port": "8080",
									"path": [
										"api",
										"customerorders"
									]
								}
							},
							"response": []
						},
						{
							"name": "UpdateOrder",
							"request": {
								"method": "PUT",
								"header": [
									{
										"key": "Content-Type",
										"value": "application/json",
										"type": "text"
									}
								],
								"body": {
									"mode": "raw",
									"raw": "{\r\n    \"id\": 5,\r\n    \"product\": \"iPhone 13\",\r\n    \"customerId\": 5\r\n}"
								},
								"url": {
									"raw": "localhost:8080/api/customerorders/5",
									"host": [
										"localhost"
									],
									"port": "8080",
									"path": [
										"api",
										"customerorders",
										"5"
									]
								}
							},
							"response": []
						},
						{
							"name": "DeleteCustomer",
							"request": {
								"method": "DELETE",
								"header": [
									{
										"key": "Content-Type",
										"value": "application/json",
										"type": "text"
									}
								],
								"url": {
									"raw": "localhost:8080/api/customerorders/6",
									"host": [
										"localhost"
									],
									"port": "8080",
									"path": [
										"api",
										"customerorders",
										"6"
									]
								}
							},
							"response": []
						}
					]
				}
			]
		}
	]
}