{
	"info": {
		"_postman_id": "ace970b7-8344-46f2-9aa6-9a38ddf79d2b",
		"name": "Eudureka",
		"schema": "https://schema.getpostman.com/json/collection/v2.1.0/collection.json",
		"_exporter_id": "7131327"
	},
	"item": [
		{
			"name": "LMS_KK_Day2",
			"item": [
				{
					"name": "Author",
					"item": [
						{
							"name": "GetAuthors",
							"request": {
								"method": "GET",
								"header": [],
								"url": {
									"raw": "localhost:8080/api/authors",
									"host": [
										"localhost"
									],
									"port": "8080",
									"path": [
										"api",
										"authors"
									]
								}
							},
							"response": []
						},
						{
							"name": "GetAuthor",
							"request": {
								"method": "GET",
								"header": [],
								"url": {
									"raw": "localhost:8080/api/authors/1",
									"host": [
										"localhost"
									],
									"port": "8080",
									"path": [
										"api",
										"authors",
										"1"
									]
								}
							},
							"response": []
						},
						{
							"name": "AddAuthor",
							"request": {
								"method": "POST",
								"header": [
									{
										"key": "Content-Type",
										"value": "application/json",
										"type": "text"
									}
								],
								"body": {
									"mode": "raw",
									"raw": "{\r\n    \"authorName\": \"Test\"\r\n}"
								},
								"url": {
									"raw": "localhost:8080/api/authors",
									"host": [
										"localhost"
									],
									"port": "8080",
									"path": [
										"api",
										"authors"
									]
								}
							},
							"response": []
						},
						{
							"name": "UpdateAuthor",
							"request": {
								"method": "PUT",
								"header": [
									{
										"key": "Content-Type",
										"value": "application/json",
										"type": "text"
									}
								],
								"body": {
									"mode": "raw",
									"raw": "{\r\n    \"authorName\": \"KKP\"\r\n}"
								},
								"url": {
									"raw": "localhost:8080/api/authors/1",
									"host": [
										"localhost"
									],
									"port": "8080",
									"path": [
										"api",
										"authors",
										"1"
									]
								}
							},
							"response": []
						},
						{
							"name": "DeleteAuthor",
							"request": {
								"method": "DELETE",
								"header": [
									{
										"key": "Content-Type",
										"value": "application/json",
										"type": "text"
									}
								],
								"url": {
									"raw": "localhost:8080/api/authors/5",
									"host": [
										"localhost"
									],
									"port": "8080",
									"path": [
										"api",
										"authors",
										"5"
									]
								}
							},
							"response": []
						}
					]
				},
				{
					"name": "Book",
					"item": [
						{
							"name": "GetBooks",
							"request": {
								"method": "GET",
								"header": [],
								"url": {
									"raw": "localhost:8080/api/books",
									"host": [
										"localhost"
									],
									"port": "8080",
									"path": [
										"api",
										"books"
									]
								}
							},
							"response": []
						},
						{
							"name": "GetBook",
							"request": {
								"method": "GET",
								"header": [],
								"url": {
									"raw": "localhost:8080/api/books/1",
									"host": [
										"localhost"
									],
									"port": "8080",
									"path": [
										"api",
										"books",
										"1"
									]
								}
							},
							"response": []
						},
						{
							"name": "AddBook",
							"request": {
								"method": "POST",
								"header": [
									{
										"key": "Content-Type",
										"value": "application/json",
										"type": "text"
									}
								],
								"body": {
									"mode": "raw",
									"raw": "{\r\n    \"bookCd\": \"Test6\",\r\n    \"bookDsc\": \"Test Book6\",\r\n    \"bookName\": \"Test Book Name6\",\r\n    \"price\": 300.00,\r\n    \"genres\": [\r\n        {\r\n            \"genreId\": 3,\r\n            \"genreCd\": \"FAN\",\r\n            \"genreName\": \"Fantacy\"\r\n        },\r\n        {\r\n            \"genreId\": 4,\r\n            \"genreCd\": \"MYS\",\r\n            \"genreName\": \"Mystery\"\r\n        }\r\n    ]\r\n}"
								},
								"url": {
									"raw": "localhost:8080/api/books",
									"host": [
										"localhost"
									],
									"port": "8080",
									"path": [
										"api",
										"books"
									]
								}
							},
							"response": []
						},
						{
							"name": "UpdateBook",
							"request": {
								"method": "PUT",
								"header": [
									{
										"key": "Content-Type",
										"value": "application/json",
										"type": "text"
									}
								],
								"body": {
									"mode": "raw",
									"raw": "    {\r\n        \"bookCd\": \"DSU\",\r\n        \"bookDsc\": \"A detailed explanation of data structure Updated\",\r\n        \"bookName\": \"New Data Structures\",\r\n        \"price\": 500.10\r\n    }"
								},
								"url": {
									"raw": "localhost:8080/api/books/2",
									"host": [
										"localhost"
									],
									"port": "8080",
									"path": [
										"api",
										"books",
										"2"
									]
								}
							},
							"response": []
						},
						{
							"name": "DeleteBook",
							"request": {
								"method": "DELETE",
								"header": [
									{
										"key": "Content-Type",
										"value": "application/json",
										"type": "text"
									}
								],
								"url": {
									"raw": "localhost:8080/api/books/3",
									"host": [
										"localhost"
									],
									"port": "8080",
									"path": [
										"api",
										"books",
										"3"
									]
								}
							},
							"response": []
						}
					]
				},
				{
					"name": "Borrower",
					"item": [
						{
							"name": "GetBorrowers",
							"request": {
								"method": "GET",
								"header": [],
								"url": {
									"raw": "localhost:8080/api/borrowers",
									"host": [
										"localhost"
									],
									"port": "8080",
									"path": [
										"api",
										"borrowers"
									]
								}
							},
							"response": []
						},
						{
							"name": "GetBorrower",
							"request": {
								"method": "GET",
								"header": [],
								"url": {
									"raw": "localhost:8080/api/borrowers/1",
									"host": [
										"localhost"
									],
									"port": "8080",
									"path": [
										"api",
										"borrowers",
										"1"
									]
								}
							},
							"response": []
						},
						{
							"name": "AddBorrower",
							"request": {
								"method": "POST",
								"header": [
									{
										"key": "Content-Type",
										"value": "application/json",
										"type": "text"
									}
								],
								"body": {
									"mode": "raw",
									"raw": "{\r\n    \"borrowerName\": \"Test\",\r\n    \"borrowerEmail\": \"test@example.com\",\r\n    \"borrowerPhone\": \"87651234\",\r\n    \"borrowerAddress\": \"Address3\"\r\n}"
								},
								"url": {
									"raw": "localhost:8080/api/borrowers",
									"host": [
										"localhost"
									],
									"port": "8080",
									"path": [
										"api",
										"borrowers"
									]
								}
							},
							"response": []
						},
						{
							"name": "UpdateBorrower",
							"request": {
								"method": "PUT",
								"header": [
									{
										"key": "Content-Type",
										"value": "application/json",
										"type": "text"
									}
								],
								"body": {
									"mode": "raw",
									"raw": "    {\r\n        \"borrowerAddress\": \"Address3Updated\",\r\n        \"borrowerEmail\": \"testupdated@example.com\",\r\n        \"borrowerName\": \"Test Updated\",\r\n        \"borrowerPhone\": \"12348765\"\r\n    }"
								},
								"url": {
									"raw": "localhost:8080/api/borrowers/3",
									"host": [
										"localhost"
									],
									"port": "8080",
									"path": [
										"api",
										"borrowers",
										"3"
									]
								}
							},
							"response": []
						},
						{
							"name": "DeleteBorrower",
							"request": {
								"method": "DELETE",
								"header": [
									{
										"key": "Content-Type",
										"value": "application/json",
										"type": "text"
									}
								],
								"url": {
									"raw": "localhost:8080/api/borrowers/3",
									"host": [
										"localhost"
									],
									"port": "8080",
									"path": [
										"api",
										"borrowers",
										"3"
									]
								}
							},
							"response": []
						}
					]
				},
				{
					"name": "Genre",
					"item": [
						{
							"name": "GetGenres",
							"request": {
								"method": "GET",
								"header": [],
								"url": {
									"raw": "localhost:8080/api/genres",
									"host": [
										"localhost"
									],
									"port": "8080",
									"path": [
										"api",
										"genres"
									]
								}
							},
							"response": []
						},
						{
							"name": "GetGenre",
							"request": {
								"method": "GET",
								"header": [],
								"url": {
									"raw": "localhost:8080/api/genres/1",
									"host": [
										"localhost"
									],
									"port": "8080",
									"path": [
										"api",
										"genres",
										"1"
									]
								}
							},
							"response": []
						},
						{
							"name": "AddGenre",
							"request": {
								"method": "POST",
								"header": [
									{
										"key": "Content-Type",
										"value": "application/json",
										"type": "text"
									}
								],
								"body": {
									"mode": "raw",
									"raw": "{\r\n    \"genreCd\": \"TST\",\r\n    \"genreName\": \"Test\"\r\n}"
								},
								"url": {
									"raw": "localhost:8080/api/genres",
									"host": [
										"localhost"
									],
									"port": "8080",
									"path": [
										"api",
										"genres"
									]
								}
							},
							"response": []
						},
						{
							"name": "UpdateGenre",
							"request": {
								"method": "PUT",
								"header": [
									{
										"key": "Content-Type",
										"value": "application/json",
										"type": "text"
									}
								],
								"body": {
									"mode": "raw",
									"raw": "    {\r\n        \"genreCd\": \"TSTUPD\",\r\n        \"genreName\": \"Test Updated\"\r\n    }"
								},
								"url": {
									"raw": "localhost:8080/api/genres/5",
									"host": [
										"localhost"
									],
									"port": "8080",
									"path": [
										"api",
										"genres",
										"5"
									]
								}
							},
							"response": []
						},
						{
							"name": "DeleteGenre",
							"request": {
								"method": "DELETE",
								"header": [
									{
										"key": "Content-Type",
										"value": "application/json",
										"type": "text"
									}
								],
								"url": {
									"raw": "localhost:8080/api/genres/5",
									"host": [
										"localhost"
									],
									"port": "8080",
									"path": [
										"api",
										"genres",
										"5"
									]
								}
							},
							"response": []
						}
					]
				},
				{
					"name": "LibraryBranch",
					"item": [
						{
							"name": "GetLibraryBranches",
							"request": {
								"method": "GET",
								"header": [],
								"url": {
									"raw": "localhost:8080/api/library-branches",
									"host": [
										"localhost"
									],
									"port": "8080",
									"path": [
										"api",
										"library-branches"
									]
								}
							},
							"response": []
						},
						{
							"name": "GetLibraryBranch",
							"request": {
								"method": "GET",
								"header": [],
								"url": {
									"raw": "localhost:8080/api/library-branches/4",
									"host": [
										"localhost"
									],
									"port": "8080",
									"path": [
										"api",
										"library-branches",
										"4"
									]
								}
							},
							"response": []
						},
						{
							"name": "AddLibraryBranch",
							"request": {
								"method": "POST",
								"header": [
									{
										"key": "Content-Type",
										"value": "application/json",
										"type": "text"
									}
								],
								"body": {
									"mode": "raw",
									"raw": "{\r\n    \"libraryBranchName\": \"Test Lib\",\r\n    \"libraryBranchAddress\": \"Test Street\"\r\n}"
								},
								"url": {
									"raw": "localhost:8080/api/library-branches",
									"host": [
										"localhost"
									],
									"port": "8080",
									"path": [
										"api",
										"library-branches"
									]
								}
							},
							"response": []
						},
						{
							"name": "UpdateLibraryBranch",
							"request": {
								"method": "PUT",
								"header": [
									{
										"key": "Content-Type",
										"value": "application/json",
										"type": "text"
									}
								],
								"body": {
									"mode": "raw",
									"raw": "{\r\n    \"libraryBranchName\": \"Test Lib Updated\",\r\n    \"libraryBranchAddress\": \"Test Street Updated\"\r\n}"
								},
								"url": {
									"raw": "localhost:8080/api/library-branches/4",
									"host": [
										"localhost"
									],
									"port": "8080",
									"path": [
										"api",
										"library-branches",
										"4"
									]
								}
							},
							"response": []
						},
						{
							"name": "DeleteLibraryBranch",
							"request": {
								"method": "DELETE",
								"header": [
									{
										"key": "Content-Type",
										"value": "application/json",
										"type": "text"
									}
								],
								"url": {
									"raw": "localhost:8080/api/library-branches/4",
									"host": [
										"localhost"
									],
									"port": "8080",
									"path": [
										"api",
										"library-branches",
										"4"
									]
								}
							},
							"response": []
						}
					]
				},
				{
					"name": "New Request",
					"request": {
						"method": "GET",
						"header": []
					},
					"response": []
				}
			]
		}
	]
}